amenity,name,id,lon,lat
community_centre,Rothwell Community Hall,33688512,153.0480513,-27.2116484
community_centre,The Hut Community Centre,141215783,138.7327505,-35.0142843
community_centre,Samsonvale Hall,205977353,152.8524044,-27.2931347
community_centre,Carlton Neighbourhood Learning Centre,252344411,144.9750342,-37.7926478
community_centre,Blackbutt Youth Centre,264848212,150.8337825,-34.5650374
community_centre,Vietnamese Catholic Club,277839388,115.8275228,-31.8610755
community_centre,Bulimba Senior Citizens & Community Centre,315043654,153.0577082,-27.4535401
community_centre,Mount Street Neighbourhood House,317103661,145.1688042,-37.8804023
community_centre,Caboolture Community Action,357959298,152.9559847,-27.0812205
community_centre,Greenbank Community Centre,454146679,152.983577,-27.73065
community_centre,Rosebery Community Center,600174859,145.539038,-41.7799707
community_centre,Samford Farmers Hall,615115471,152.8872773,-27.3707003
community_centre,Mount Druitt Hall,623954988,150.8108742,-33.77325
community_centre,Tonimbuk Public Hall,676612743,145.7165829,-38.0067395
community_centre,Busy Fingers Charity Shop,821745957,153.1620924,-27.07725
community_centre,Robinvale Community Arts Centre,841788452,142.7720687,-34.5792317
community_centre,Liston Community Hall,948994064,152.0856952,-28.6469696
community_centre,Tinbeerwah Hall,985216996,152.9828117,-26.4038462
community_centre,Scout Hall,995861122,151.1914058,-33.8291424
community_centre,Banksia Beach Community Arts Centre,997743730,153.1533731,-27.0483257
community_centre,Loch Community Centre,1110264933,145.7073155,-38.3698179
community_centre,Glencoe Community Hall,1137195121,151.7244598,-29.9276534
community_centre,Tamrookum Hall,1259472963,152.9173159,-28.1232418
community_centre,Cedar Creek Hall,1291525378,153.1795571,-27.8267416
community_centre,Jubilee Community Centre,1324398397,149.1814072,-21.1438259
community_centre,Mount Nimmel Hall,1482031973,153.316503,-28.132947
community_centre,Australind Community Hall,1487225860,115.716643,-33.279795
community_centre,King'S Hall,1553953535,146.4260738,-41.3429327
community_centre,Tambar Springs Community Hall,1590650711,149.8279155,-31.3498056
community_centre,Bilpin Hall,1612607099,150.5107878,-33.4995202
community_centre,Merrylands Youth Centre,1613727653,150.9860281,-33.8355835
community_centre,Pakenham Masonic Centre,1618890079,145.4876525,-38.0823333
community_centre,Andergrove Community Centre,1631294724,149.1782155,-21.0976463
community_centre,Banksia Scouts Den,1653919751,149.183443,-21.0863332
community_centre,Mundaring Weir Hall,1669939418,116.1676804,-31.9517785
community_centre,Andergrove Neighbourhood Centre,1710938101,149.1816672,-21.0911303
community_centre,Dardanup-Capel Home & Community Care,1768369253,115.7153304,-33.3215106
community_centre,Flannery Centre,1768601547,149.5642432,-33.4371698
community_centre,Epic,1789780472,119.7395153,-23.3583155
community_centre,Pioneer War Memorial Hall,1808759438,149.0630867,-21.1593738
community_centre,Waverton Uniting Church Community Centre,1815543238,151.196532,-33.837734
community_centre,Ku-Ring-Gai Centre For Seniors,1924155598,151.1692319,-33.7778473
community_centre,Cloverdale Community Centre,1974825604,144.3438077,-38.0730059
community_centre,Adaminaby Memorial Hall,1976210898,148.7742271,-35.995354
community_centre,Grace Centre,1977400729,147.4500707,-42.9004151
community_centre,Civic Centre,1999452339,127.6672353,-18.2239394
community_centre,Mount Liebig Hall,1999663078,131.2735018,-23.266124
community_centre,Balranald Senior Citizens Centre,2000594370,143.5622923,-34.6391508
community_centre,Country Women'S Association,2000594396,143.5608117,-34.6380033
community_centre,Maree Community Hall,2016097009,138.0629358,-29.6486931
community_centre,Youth Centre,2036914009,134.1933881,-19.645945
community_centre,Julakari Aboriginal Corporation,2038150796,134.1832159,-19.6523277
community_centre,Julakari Community Service Centre,2039809934,134.1911298,-19.6436166
community_centre,Eulo Community Centre,2049272360,145.0461398,-28.1609734
community_centre,Thargomindah Community Centre,2049307655,143.8258826,-27.9952233
community_centre,Kanimbla Valley Community Hall,2082711249,150.1556948,-33.6864113
community_centre,Paradise Point Community Hall,2095741901,153.3938032,-27.8855147
community_centre,Daintree Community Hall,2108777930,145.3216235,-16.2501751
community_centre,Tully Multipurpose Centre,2110609928,145.9306445,-17.941162
community_centre,Child And Family Centre,2139781786,147.2449971,-42.8122261
community_centre,Kororoit Creek Neighbourhood House,2141638672,144.813371,-37.7813308
community_centre,Woolomin Memorial Hall,2163518504,151.1496645,-31.3027848
community_centre,Barraba Community Centre,2177950614,150.6094558,-30.3733884
community_centre,Bingara Civic Centre,2179215304,150.5716914,-29.867717
community_centre,Amherst Village Community Centre,2192573373,115.9439392,-32.0896093
community_centre,Pilliga Community Centre,2209604850,148.8877314,-30.3534569
community_centre,Lynbrook Community Centre,2247393684,145.2556388,-38.051739
community_centre,Moonan Flat Community Hall,2267919190,151.2350899,-31.9231401
community_centre,Gresford School Of Arts,2270108081,151.5530239,-32.4309742
community_centre,Monkerai Community Hall,2270253740,151.8486634,-32.2596077
community_centre,Rouchel Community Hall,2270403422,151.0911148,-32.1215359
community_centre,Reynella Enterprise & Youth Centre,2275159905,138.5288478,-35.1039568
community_centre,Reynella Model Railway Club,2275188051,138.5390785,-35.0947269
community_centre,Coramba Community Hall,2293180496,153.0125886,-30.2201242
community_centre,Maroubra Seals,2300348727,151.2556945,-33.9469191
community_centre,Fawkner Occasional Care Centre,2309819020,144.9689722,-37.7033631
community_centre,Battery Point Community Hall,2319121308,147.3345571,-42.8896723
community_centre,Wallangarra School Of The Arts Hall,2321371289,151.9314942,-28.9217904
community_centre,Ballandean Hall,2322602706,151.842447,-28.8004028
community_centre,Eukey Hall,2323809138,151.9734272,-28.7744838
community_centre,Connections Community House,2327845220,145.042204,-37.900089
community_centre,Scout Hall,2345479389,133.8575761,-23.7015821
community_centre,Corryong Memorial Hall,2350228099,147.906752,-36.1953032
community_centre,Batlow Literary Institute,2378598356,148.1474022,-35.5208584
community_centre,Nilma Community Hall,2389082987,145.9861412,-38.1324827
community_centre,Thredbo Community Centre,2393558025,148.3007074,-36.5064425
community_centre,Tatong Community Hall,2404829890,146.1093018,-36.730793
community_centre,Whitfield Hall,2407469411,146.4143845,-36.7645677
community_centre,Katherine Civic Centre,2408230507,132.25721,-14.4597531
community_centre,Moongala Women'S Community House,2417681116,145.0695675,-37.9226982
community_centre,Darra Community Group Hall,2419828966,152.9412746,-27.5765647
community_centre,Community Centre,2421421464,152.9823577,-27.278291
community_centre,Meeting Rooms,2421421465,152.9825849,-27.2782783
community_centre,Holy Trinity Church Hall,2456431574,144.9673469,-37.7395743
community_centre,Community Hall,2463586467,146.0883147,-17.928137800000002
community_centre,Campbellfield Community Centre,2479039966,144.9658555,-37.6793387
community_centre,Garah Hall,2481911188,149.6340772,-29.0745642
community_centre,North Ringwood Community House,2488928380,145.2368249,-37.7922359
community_centre,Elderly Cits.,2492965976,143.8955547,-37.4240743
community_centre,Men'S Shed,2514741074,143.8982932,-37.4179181
community_centre,Bombala Community Centre,2562217180,149.2368993,-36.9121347
community_centre,Community Hall,2565766284,148.9656955,-30.1027486
community_centre,Memorial Hall,2569368699,151.0934617,-29.32168
community_centre,Community Hall,2569392834,150.9276636,-29.4666361
community_centre,Community Hall,2575072570,152.9544499,-29.0856205
community_centre,Memorial Hall,2575129187,152.7202353,-28.9057848
community_centre,Ben Lomond Soliders Memorial Hall,2577697113,151.6584672,-30.0195998
community_centre,Tingha Town Hall,2577712863,151.2114127,-29.9550309
community_centre,Coolac Memorial Hall,2579346994,148.1658628,-34.9286596
community_centre,Yarra Men'S Shed,2628202737,144.992075,-37.800726
community_centre,Nugara Lodge,2666771531,143.852612,-39.9265742
community_centre,Phoenix House,2666771559,143.8554641,-39.9327339
community_centre,Reekara Community Complex,2666771578,143.9156713,-39.7534157
community_centre,Belgium Avenue Neighbourhood House,2672754468,144.9975324,-37.8143932
community_centre,Operation Stitches Community Centre,2672755644,144.9972939,-37.8138993
community_centre,Box Hill South Neighbourhood House,2679605904,145.1277511,-37.8347262
community_centre,Reach,2688014252,144.9866823,-37.8039722
community_centre,Camberwell City Rsl,2714891821,145.06207,-37.835372
community_centre,The Cottage Kitchen,2904210004,138.5039856,-34.8447866
community_centre,Yolla Memorial Hall,2910308002,145.7175087,-41.1253474
community_centre,Yolla Online Access Centre,2910308003,145.7185122,-41.1236675
community_centre,Christian Community Aid Multicultural Centre,2915387416,151.080149,-33.789540099999996
community_centre,Herald Avenue Senior Citizens Club,2966005754,115.8886719,-32.0392928
community_centre,Mackay Children And Family Centre,2988843765,149.1770402,-21.0965441
community_centre,Network West,3047641021,144.9195106,-37.7796555
community_centre,Buffalo Lodge - Merv Burdekin Hall,3056782466,151.208222,-29.9574705
community_centre,Westwood Hall,3061937701,150.1559179,-23.6217995
community_centre,Jambin Community Hall,3064560989,150.3713246,-24.1956648
community_centre,Dululu Hall,3064639595,150.2614576,-23.8476292
community_centre,Marlborough Community Hall,3091839556,149.8922742,-22.8130698
community_centre,Ogmore Community Hall,3101300515,149.6567976,-22.6188053
community_centre,Hunter Street Community Centre,3162173715,151.1008068,-33.7007716
community_centre,Apple Tree Creek Memorial Hall,3162650657,152.2374349,-25.2167399
community_centre,Black Springs Community Hall,3287366425,149.7426051,-33.847915
community_centre,Yerrinbool Community Hall,3355661431,150.5426076,-34.3702359
community_centre,Community Resource Centre,3377770718,128.7395317,-15.7745968
community_centre,Gallipoli Legion Club,3379250836,151.7480771,-32.918915
community_centre,Kerrie Neighbourhood House,3382224793,145.1773686,-37.8765821
community_centre,Mi Place,3436561048,145.352216,-37.909101
community_centre,Country Women'S Association,3448053077,150.4910714,-23.3674614
community_centre,Country Women'S Association,3477881958,150.2805995,-23.2491843
community_centre,Marburg Community Center,3482979166,152.5961647,-27.5660369
community_centre,St Brendan'S Church Hall,3512393728,144.9327717,-37.7839102
community_centre,Cameron Park Community Center,3518368445,151.6110563,-32.9097967
community_centre,Port Macdonnell Community Hall,3536164790,140.6998873,-38.0531166
community_centre,Country Women'S Association,3546566455,148.1617248,-23.5250927
community_centre,Wyreena Community Arts Centre,3636389777,145.2923465,-37.7962828
community_centre,Mount Stuart Memorial Hall,3655146038,147.3044767,-42.8722512
community_centre,Newbury Child And Community Centre,3677308087,144.9088607,-37.5711185
community_centre,Bexhill Hall,3678410421,153.3449921,-28.7660896
community_centre,Eltham Masonic Hall,3679714507,153.3951549,-28.7564063
community_centre,Kentwell Community Center,3700452049,153.563742,-28.8592503
community_centre,Heritage And Visitor Information Centre,3751140625,151.0050069,-33.810337
community_centre,Condamine Valley Cwa Tearooms,3792357442,152.0342573,-28.2165794
community_centre,Boomi First World War Memorial Hall,3809351839,149.5798328,-28.7236906
community_centre,Bittern Hall,3815024896,145.1775581,-38.3360323
community_centre,Boroondara Youth Hub,3837155757,145.0357549,-37.8232248
community_centre,Gundillion Hall,3840633212,149.6364683,-35.7614399
community_centre,Cypress Community Hall,3866651552,130.9142546,-12.4058182
community_centre,Murrah Hall,3877570758,150.0278446,-36.5324116
community_centre,Visible Ink Valley,3922479880,153.0348905,-27.4545473
community_centre,Moorleah Community Hall,3925372449,145.6162411,-40.9810842
community_centre,Kaloma Scout Lodge,3926560083,145.7151721,-41.0318968
community_centre,Wynyard Axemen'S Club,3928504199,145.728141,-40.9853093
community_centre,Senior Citizens Club,3929819792,145.7286567,-40.9908614
community_centre,Somerset Scouts Group,3959388661,145.8302092,-41.0445959
community_centre,Derwent Valley Tpu,3965273476,147.0615117,-42.7814652
community_centre,Mount Franklin-St. George Lodge,4009188096,144.1423826,-37.3407045
community_centre,Kensington Rsl,4013582438,138.6515016,-34.9206075
community_centre,The Fair Community Centre,4017361891,149.1676515,-35.2255012
community_centre,Bellfield Community Centre,4064596502,145.0382974,-37.7560806
community_centre,Preolenna Community Centre,4068116454,145.5557071,-41.084511
community_centre,1St Colac Scout Hall,4069574896,143.5942084,-38.3381175
community_centre,Latrobe Memorial Hall,4081147182,146.4151521,-41.2363759
community_centre,Solander Community Room,4156825447,151.2030087,-33.896125
community_centre,Upper Hunter Community Services Inc,4198123043,150.8886382,-32.2659359
community_centre,Mt Kuring Gai Community Centre,4234664494,151.1368696,-33.6566267
community_centre,Frankston Men'S Shed,4234704965,145.1321185,-38.1536929
community_centre,St Mary'S Church Hall,4236929453,152.8928546,-26.6884436
community_centre,Newman Youth Centre,4248019113,119.7302581,-23.3560144
community_centre,Armenian General Benevolent Union,4249344049,151.2166942,-33.8314758
community_centre,Springbrook Community Hall,4251891383,153.2688838,-28.1949923
community_centre,Sandringham District Masonic Hall,4256764221,145.00344,-37.9484437
community_centre,Whitfords Seniors Centre,4269567800,115.7533317,-31.7971059
community_centre,Impact Make Your Mark,4282247689,152.3759091,-24.8553649
community_centre,Oxley Senior Citizens Club,4303792202,152.9754708,-27.5551713
community_centre,Wodonga Australian-Croatian Club Inc.,4308136769,146.8957041,-36.1116837
community_centre,Blackflat Community Centre,4308263756,145.164569,-37.8885666
community_centre,The Channon Hall,4338341391,153.2790228,-28.6731577
community_centre,Nike Training Club,4352141891,144.9843321,-37.7973845
community_centre,Meals On Wheels,4367373091,150.5323594,-23.3488288
community_centre,Royal Park Hall,4388490355,115.8532574,-31.9366987
community_centre,Highett Neighbourhood Community House,4388633213,145.0379068,-37.9475706
community_centre,The Box Factory,4391378566,138.608335,-34.931293
community_centre,Anglican Church Hall,4403594659,147.8383467,-31.6999796
community_centre,Cwa Rooms,4403594673,147.8349108,-31.7004863
community_centre,Warren Sporting And Cultural Centre,4403594679,147.8362331,-31.6952397
community_centre,Belgrade Avenue Community Centre,4529306529,146.9039959,-36.1283766
community_centre,Narana Aboriginal Cultural Centre,4544132493,144.338687,-38.2183194
community_centre,Timezone,4544636989,150.924663,-33.9184814
community_centre,Club Liverpool,4546297606,150.9239289,-33.9222438
community_centre,Walkamin Community And Sports Club,4546396021,145.427838,-17.1292733
community_centre,Al Ihsan Foundation,4547813502,150.9999891,-33.8828676
community_centre,Turnstyle Community Hub,4554565380,153.022159,-27.4874264
community_centre,Cromer Community Centre,4569930380,151.2824679,-33.7423371
community_centre,Pennant Hills Learning & Leisure Centre (50+),4578760646,151.0720092,-33.7364082
community_centre,Hawks Nest Community Center,4586442584,152.1779079,-32.6724734
community_centre,Byron Youth Activity Centre,4627526424,153.6170324,-28.6441029
community_centre,Byron Bay Community Centre,4631176657,153.6126788,-28.6444484
community_centre,Springthorpe Country Club,4634254231,145.061967,-37.7215825
community_centre,Hornsby Wellness Centre,4638802590,151.0971131,-33.702301
community_centre,The Galston Club,4671706390,151.0462683,-33.6506037
community_centre,Shara Community Garden,4700083988,153.5417046,-28.4953198
community_centre,Collins Creek Hall,4700480948,153.0240009,-28.4863244
community_centre,Victorian Elderly Chinese Welfare Society,4709376811,144.9553273,-37.8059797
community_centre,Hotshots Footscray,4723387489,144.8982372,-37.8037067
community_centre,Lithuanian Club,4740799232,144.9496058,-37.8040691
community_centre,The Centre,4740799237,144.9496629,-37.8037676
community_centre,Rsl,4748850360,146.8640948,-19.1481124
community_centre,Torbanlea Community Hall,4769658492,152.5966463,-25.3463401
community_centre,Alan Roberts International Medical Graduates Support & Advisory Services Pty ( Arimgsas ),4774537628,144.9732897,-37.8351357
community_centre,Dickfosdunn Charted Accounting,4812961122,153.4124939,-27.9710902
community_centre,Pomengade Dance School,4837526222,153.029786,-27.398683
community_centre,Seamans Club,4842544321,115.6366261,-33.3197536
community_centre,Go Bowling Cairns,4844714433,145.7404969,-16.9146394
community_centre,Newcastle Mission To Seafarers,4859508750,151.759142,-32.9198391
community_centre,Country Women'S Association,4884358364,150.8541117,-34.6719764
community_centre,Applecross Scout Hall,4908991449,115.8318749,-32.0231527
community_centre,Mangrove Yoga,4915836421,151.1495427,-33.367535
community_centre,Yugal,4917822938,115.8413545,-31.9331331
community_centre,Redlands Softball Association,4939327921,153.2523734,-27.5113438
community_centre,Max Employment Midland,4978086721,116.0056894,-31.8896509
community_centre,Willetton Sports Club,5018014501,115.8819806,-32.0550158
community_centre,Brooklyn Community Centre,5070531023,144.8484191,-37.8229111
community_centre,Ipc Health Inc.,5070531024,144.8305947,-37.7847859
community_centre,Bellambi Neighbourhood Centre,5071621921,150.9168593,-34.3686544
community_centre,Union Hub,5080775150,153.0151826,-27.4970434
community_centre,Dougherty Community Centre,5115093065,151.1831349,-33.7991306
community_centre,Starlight Community Hall,5132316808,152.9212628,-26.5220735
community_centre,Diversicare,5140688132,153.0109977,-27.4813946
community_centre,Netherby Hall,5150831997,141.65151,-36.1086821
community_centre,Belair Community Centre,5152982328,138.622355,-34.997383
community_centre,Youth And Family Aquatic Association,5175975721,115.7022675,-32.2796307
community_centre,South East Community Links Youth Links,5215342574,145.1769853,-37.9681761
community_centre,Yuraba Conference Centre,5219780723,152.9266131,-27.348514
community_centre,Old Dairy Community Centre,5256996076,153.4310205,-28.177493
community_centre,Rsl Murtoa,5259350422,142.4668714,-36.6169557
community_centre,Mechanics Hall,5259350425,142.4682889,-36.6190323
community_centre,Community Hall,5265711229,145.7286586,-38.6337336
community_centre,Curlwaa Memorial Hall,5270968756,141.9724358,-34.0982632
community_centre,Salvation Army,5281066523,149.5807498,-33.4228784
community_centre,Vinnies,5281068522,149.5804257,-33.4231422
community_centre,Greenfield Park Community Centre,5290824863,150.8923017,-33.8718373
community_centre,Bonnyrigg Community Centre,5291574282,150.8881539,-33.8870317
community_centre,Servian Youth Hall,5291620515,150.944271,-33.8897448
community_centre,Kingsgate Haven,5310046522,137.7804481,-35.7721763
community_centre,Beacham Reserve Community Centre,5315859953,115.7456232,-32.5548152
community_centre,Maryborough Showgrounds,5325344481,152.6634655,-25.5052357
community_centre,Gosnells City Council,5334173277,116.0003733,-32.0654044
community_centre,Greenbank Community Centre,5338288664,152.9833987,-27.730487
community_centre,North Sydney Men'S Shed,5359849540,151.192068,-33.8302409
community_centre,Library Community Meeting Room,5372466629,153.0497764,-27.4672212
community_centre,Clarence Point Hall,5434298420,146.8102891,-41.1273992
community_centre,Leslie Street Centre,5465801922,115.72133,-32.536384
community_centre,Tullera Community Hall,5496113001,153.303131,-28.7471413
community_centre,Bald Hills Memorial Hall,5544340339,153.0082085,-27.3214184
community_centre,Ryde Multicultural Centre,5558498631,151.0799938,-33.8050503
community_centre,Multiple Solutions,5563729822,138.5243578,-35.0192772
community_centre,Ses Building,5565767312,144.2675133,-26.6188088
community_centre,Progress Hall,5570105659,145.0358015,-37.9110446
community_centre,Bacchus Marsh Public Hall,5589387393,144.4410405,-37.6765775
community_centre,Dandenong North Senior Citizens Centre,5591221761,145.2099693,-37.9658585
community_centre,Fawkner Community & Sports Hall,5598371447,144.9697809,-37.7027927
community_centre,Fawkner Senior Citizens Centre,5598371448,144.9696445,-37.7030634
community_centre,Yooralla Community Hub,5598371449,144.9698363,-37.7030196
community_centre,Katandra West Community Centre,5608440572,145.5598078,-36.2282916
community_centre,Clarence Park Community Centre,5613496039,138.5811285,-34.9603099
community_centre,Drill Hall (For Praying Jum'Ah),5640995221,144.9605573,-37.8067602
community_centre,Laverton Community Resource Centre,5643129149,122.4041842,-28.625988800000002
community_centre,Ashby Community Centre,5646676715,153.1938774,-29.4372937
community_centre,Environment House,5649806275,115.9204527,-31.9258507
community_centre,Dianella Community Centre,5653608022,115.8745095,-31.8968988
community_centre,Griffith Neighbourhood Centre,5674575008,149.1420359,-35.3274418
community_centre,Hoskinstown War Memorial Hall,5683696691,149.4504807,-35.4163098
community_centre,Lucas Community Hub,5694621672,143.7836442,-37.5441627
community_centre,Stones Corner Masonic Centre,5695613066,153.0432954,-27.4990227
community_centre,Googong Community Centre,5721828233,149.2369244,-35.4230698
community_centre,Bellingen Neighbourhood Centre,5733065526,152.8988793,-30.452145
community_centre,1St Rydalmere Scout Hall,5735693312,151.0333106,-33.8068178
community_centre,Lindfield Kindamindi Guide Hall,5740458577,151.1668575,-33.7815675
community_centre,1St Gordon Scout Hall,5740459335,151.1449077,-33.7586458
community_centre,Ballajura Community Centre,5750897360,115.879574,-31.832754
community_centre,Selby Community House,5776386084,145.3727716,-37.9125504
community_centre,Johns River Community Hall,5791844554,152.6966329,-31.7297855
community_centre,Wecycle,5794821454,144.9918782,-37.7680671
community_centre,Second Chance Cycles,5794882853,144.9913665,-37.8010064
community_centre,Pcyc Ayr,5834109002,147.4026338,-19.5820864
community_centre,Centrelink Lake Haven,5847450789,151.5065555,-33.242009
community_centre,Men'S Shed Armidale,5858822343,151.6506211,-30.5163516
community_centre,Harwood Comunity Hall,5898075061,153.2424467,-29.427294
community_centre,The City Of Whyalla,5903154931,137.5854352,-33.034408
community_centre,Wooli Street Hall,5923184214,153.3568615,-29.4367547
community_centre,Zillmere Hall,5936025477,153.037843,-27.362935
community_centre,Wynnum Municipal Hall,5936025478,153.1764093,-27.4471414
community_centre,Upper Kedron/Cedar Creek Hall,5936025479,152.9172663,-27.4127676
community_centre,Toombul Shire Hall,5936025480,153.060558,-27.404347
community_centre,Sunnybank Hall,5936025481,153.0570475,-27.5781235
community_centre,Northgate Hall,5936025482,153.06327,-27.387
community_centre,Moorooka Community Centre,5936025483,153.020833,-27.535569
community_centre,New Inala Hall (Inala Civic Or Community Centre),5936025484,152.9746267,-27.6010875
community_centre,Hamilton Town Hall,5936025985,153.0642677,-27.4376789
community_centre,Community Care,5950850245,115.824128,-33.5726085
community_centre,Greenbushes Community Resources Cebtre,5950850531,116.0575179,-33.8473423
community_centre,Treelands Drive Community Centre,5952740127,153.3283665,-29.4260633
community_centre,Boyup Brook Youth Centre,5953246170,116.3861873,-33.8321181
community_centre,A.H.E.P.A Hall,5982263394,153.0124242,-27.4802255
community_centre,Tharawal Local Aboriginal Land Council,6009139168,150.5536729,-34.2257123
community_centre,Box Hill Community Arts Centre,6016882852,145.1227673,-37.8252636
community_centre,Edithvale Family & Children Centre,6052299805,145.1191396,-38.0353952
community_centre,West Ryde Community Hall,6053697997,151.0885001,-33.8056306
community_centre,Chelsea Community Support Services,6054827342,145.1166514,-38.0511986
community_centre,Parramatta District Men'S Shed,6084017859,151.0004297,-33.805065
community_centre,Kangaroo Island Community Centre,6110038844,137.6371667,-35.6530486
community_centre,Venus Bay Community Centre,6112305585,145.8193829,-38.6995551
community_centre,Upper Mt Gravatt Progress Hall,6195276821,153.0783677,-27.5551747
community_centre,Acacia Ridge Hall,6195282780,153.025281,-27.586863
community_centre,Marche Club,6217653185,138.6715109,-34.8759883
community_centre,Mission To Seafarer (Flying Angel),6220145885,151.759309,-32.9199066
community_centre,Londonderry Neighbourhood Centre,6226244301,150.7375052,-33.645677
community_centre,Stirling Community Centres North Beach,6235765956,115.759814,-31.8630694
community_centre,Lorne Community House,6282560063,143.9732849,-38.5365271
community_centre,Viv'S Community Kitchen,6317964185,145.0984236,-37.8231015
community_centre,Gascoyne Junction Community Resource Centre,6332531210,115.2087226,-25.0543528
community_centre,Neerim Junction Hall,6355815365,145.9611391,-37.92829
community_centre,Don Bosco,6363681671,144.9631173,-37.7598318
community_centre,1St Byattunga Scout Group,6363738689,151.4867225,-33.1013463
community_centre,Scouts,6386899554,151.232505,-33.8857607
community_centre,Palm Beach Neighbourhood Centre,6405212710,153.4736288,-28.1237142
community_centre,Lauderdale Community Hall,6418601903,147.4863561,-42.9136401
community_centre,Soldiers Memorial Hall,6433495788,138.8421571,-34.9846886
community_centre,1St Mount Gambier Scout Group,6437540520,140.7771996,-37.8325098
community_centre,Weddin Shire Council Office,6453733727,148.1624208,-33.895394
community_centre,Recreation Center,6485382187,148.7884412,-26.5678774
community_centre,Veterans Support Centre Belconnen,6501312034,149.049329,-35.2350036
community_centre,Geraldton Mission To Seafarers,6508772339,114.6042792,-28.7764046
community_centre,Brunswick Tool Library,6566751499,144.9730378,-37.7765511
community_centre,Smithfield Rsl Youth Centre,6616461085,150.9393985,-33.8563744
community_centre,Common House,6636537961,153.0314041,-27.4608466
community_centre,Youth Focus,6673632730,115.6354357,-33.3221103
community_centre,Calabria Club,6697179033,144.824313,-37.6393201
community_centre,Grovedale Neighbourhood House,6710196455,144.3334699,-38.2080793
community_centre,Country Women'S Association,6758490392,148.0071057,-33.3858225
community_centre,Lennox Head Cultural & Community Centre,6780197971,153.592979,-28.7945181
community_centre,Riff,6829139688,115.8589693,-31.9558204
community_centre,Fairfield Community Centre,6856504864,145.0186786,-37.7774552
community_centre,Alexandra Hills Men'S Shed,6857020863,153.2240719,-27.514454399999998
community_centre,Lowood & District Community Centre,6857457011,152.5810607,-27.463408
community_centre,Narrabri Community Kiosk,6859346000,149.7837165,-30.325998
community_centre,Centrepoint Narrabri,6862022532,149.7818765,-30.3235971
community_centre,The Place,6872644617,151.6942863,-32.9656257
community_centre,Beaumaris Men'S Shed,6885512278,145.0510102,-37.9820277
community_centre,Beaumaris Theatre Inc,6885526813,145.0505435,-37.9820277
community_centre,Fusion,6911392683,145.8808512,-34.8046176
community_centre,Launceston Elderly Citizens Club,6940443448,147.134,-41.4222658
community_centre,Inglewood Community Hub,6944260100,143.8672816,-36.57617
community_centre,Portarlington Community Cupboard,6974048685,144.6595234,-38.1204777
community_centre,Melita Social Club,6976645845,144.9665787,-37.7462604
community_centre,Toscana. Social Club,7004852121,144.9629616,-37.7670878
community_centre,Playgroups Act,7020905741,149.0602139,-35.2583014
community_centre,Emma Ruby House,7020905742,149.0606105,-35.2577834
community_centre,Deans Marsh Community Hall,7021296355,143.884847,-38.3989865
community_centre,Heathcote Community House,7039567028,144.7095841,-36.9250655
community_centre,Belconnen Senior Citizens Club,7065387829,149.0699453,-35.2386643
community_centre,Torrens Valley Community Centre,7089458746,138.8859023,-34.8219399
community_centre,Robe Rsl,7106451091,139.7613206,-37.1646782
community_centre,Millicent Community Centre,7108927777,140.3543437,-37.595136600000004
community_centre,Wandella Hall,7117256648,149.8478749,-36.3262018
community_centre,Twelve 25 Youth Centre,7173611140,138.6475582,-34.7623765
community_centre,Drouin Rsl Sub-Branch,7202267690,145.8537186,-38.1337273
community_centre,Strabane Hall,7257794354,145.1125133,-37.8075982
community_centre,Alevi Community Centre,7264761478,144.9612235,-37.7279215
community_centre,Camp Hill Guides,7358029519,153.0752065,-27.4852359
community_centre,Yanchep Community Men'S Shed,7478118095,115.6415172,-31.5449423
community_centre,Stratford Community Hall,7516183562,145.7324183,-16.8758684
community_centre,Freshwater Qld Country Women'S Association Hall,7516183570,145.7102031,-16.8814925
community_centre,Scullin Traders,7536747469,149.0405912,-35.2337001
community_centre,Sunshine Coast Environment Council,7546356765,152.9604811,-26.6267011
community_centre,Rsl,7555698071,138.000555,-33.0196366
community_centre,Braybrook Community Hub,7555815484,144.8539793,-37.7864567
community_centre,Dalyellup Community Centre,7607737530,115.6247546,-33.3992446
community_centre,Karingal Neighbourhood Centre,7690283962,117.67206,-23.198451
community_centre,Pug Men'S Shed,7743010968,151.1779086,-33.8754374
community_centre,Community Garden,7774494985,128.7357969,-15.7759785
community_centre,Harkaway Public Hall,7797709989,145.3434646,-38.0001563
community_centre,Harold Park Community Hall,7800301424,151.1785127,-33.8761646
community_centre,Mount Eliza Men'S Shed,7863904423,145.0934417,-38.1785772
community_centre,Broadmeadows Women'S Community House,7880515493,144.92878,-37.6913988
community_centre,Broadmeadows Community Hub,7880515494,144.9262168,-37.6905356
community_centre,Cargo Community Centre,7889114154,148.8088781,-33.4232999
community_centre,Russian Community Centre,7926963757,138.640631,-34.9205559
community_centre,Jamestown Memorial Hall,8019782286,138.6038342,-33.2056483
community_centre,Men'S Shed,8019827285,138.6050163,-33.2084983
community_centre,Town Hall,8019950985,138.612713,-33.8340056
community_centre,Senior Citizens Centre,8071912039,145.2321401,-36.4408795
community_centre,Anzac House Veteran Central,8147945065,115.8629355,-31.956597
community_centre,West Australian Catholic Migrant And Refugee Office,8147952008,115.8653666,-31.9555156
community_centre,Centrecare,8147997301,115.8654175,-31.9554276
community_centre,Aruma Disability Services,8189071683,152.9823636,-27.4823814
community_centre,Breeza Community Hall,8243011344,150.4680536,-31.2472706
community_centre,1St Thirroul Scout Hall,8246796943,150.922168,-34.3206306
community_centre,Coolatai Hall,8296262316,150.7524577,-29.2506348
community_centre,Cumborah Recreation Reserve Hall,8343325209,147.7716958,-29.7461354
community_centre,Wyong District Youth & Community Centre,8356726844,151.494604,-33.2534996
community_centre,Firestone Sanctuary,8362934855,152.7350592,-27.1900613
community_centre,Memorial Hall,8363330419,148.5573735,-34.600947
community_centre,The Peace Hall Urangeline,8379231882,146.6265995,-35.4479423
community_centre,Murrami Community Hall,8380166444,146.3043789,-34.4261211
community_centre,Boorooban Hall,8396218846,144.7663178,-34.9330556
community_centre,Brookvale Community Centre,8398508006,151.2716777,-33.7613713
community_centre,Flynn Community Hall,8421908946,149.0447775,-35.2062873
community_centre,Kamarah Public Hall,8421978256,146.7827273,-34.3256832
community_centre,Place Of Last Refuge - No Other Sign,8434608519,148.4469546,-34.1612018
community_centre,Koorawatha Memorial Hall,8434667705,148.5544601,-34.039845
community_centre,Muckadilla Community Hall,8443900813,148.3876345,-26.5853326
community_centre,"Stonehenge Community Centre, Library And Information",8444057255,143.2861666,-24.3545982
community_centre,Baerami Community Hall,8448376353,150.4666357,-32.38619
community_centre,Barrington Hall,8460451938,151.912635,-31.9731773
community_centre,Woolbrook Hall,8462902343,151.3454471,-30.9660231
community_centre,Bonalbo & Dsitrict Memorial Hall,8490971494,152.622193,-28.7366096
community_centre,Urbenville Memorial Hall,8493507902,152.548617,-28.4727361
community_centre,Freestone Memorial Hall,8498291763,152.1337412,-28.1313539
community_centre,St John Qld - Toowoomba Training Centre & Community Transport Office,8502536717,151.9440819,-27.5599508
community_centre,Queensland Country Womens Association,8506361104,150.1318948,-26.9274222
community_centre,Belconnen Community Men'S Shed,8512795457,149.0521568,-35.2393296
community_centre,Glenmorgan Memorial Hall,8515839099,149.6772747,-27.2476114
community_centre,Thargomindah Shire Hall,8530377385,143.8239144,-27.9963968
community_centre,Fish Creek Memorial Hall,8547011811,146.0816669,-38.6928484
community_centre,Sussex Neighbourhood House,8558715815,144.9374008,-37.729272
community_centre,Booringa (Maranoa) Shire Hall Amby,8574031790,148.187391,-26.5483187
community_centre,Pioneer Memorial Hall,8585051352,149.7615311,-26.6438582
community_centre,Wallumbilla School Of Arts Memorial Hall,8585394071,149.1866751,-26.5839439
community_centre,Harry Redford Gallery,8608497732,145.2424902,-22.9713661
community_centre,Wellington Senior Citizens Centre,8613999900,148.9447858,-32.5535591
community_centre,Jundah Shire Hall,8627900446,143.0587216,-24.8306212
community_centre,Shire Hall,8632330619,143.2871839,-24.3544402
community_centre,Alpha Mens Shed,8638898872,146.6382198,-23.6462054
community_centre,Anakie School Of Arts,8639595720,147.7464223,-23.5520006
community_centre,The Gums Hall,8666612236,150.194081,-27.3404172
community_centre,Integreat Queensland,8676588966,151.2730245,-23.8732781
community_centre,Yeoval Memorial Hall,8692708432,148.6484726,-32.7520704
community_centre,Parramatta Female Factory Precinct Assoc Inc. (Parragirls),8699821109,151.0003694,-33.8052746
community_centre,Civic Centre,8708141848,148.2279576,-28.5825117
community_centre,Isisford Community Hall,8732974040,144.441756,-24.2592018
community_centre,Muttaburra Mens Shed,8735064831,144.54658,-22.5945577
community_centre,Dar-Al Awda Community Centre,8738187920,144.9548875,-37.7647021
community_centre,Texas Memorial Hall,8791276652,151.1682298,-28.8550564
community_centre,Wallangra And District Memorial Hall,8797849222,150.8975299,-29.2525088
community_centre,Soldiers Memorial Hall,8828700068,150.5718397,-29.8680982
community_centre,Laidley Cultural Centre,8829147365,152.397537,-27.6133952
community_centre,Upper Caboolture Farmers Assembly Hall,8856892919,152.8862692,-27.1178306
community_centre,Goroke And District Memorial Hall,8874921462,141.4742156,-36.7184442
community_centre,Festival Hall,8912658736,145.4814168,-17.6050348
community_centre,Evelyn Central Pioneer Hall,8917619309,145.4907929,-17.4983752
community_centre,Arncliffe Activity Hub,8946492307,151.1454563,-33.9374811
community_centre,Arncliffe Community Centre,8946492440,151.1442458,-33.9381611
community_centre,Arbourlea Family And Community Centre,8976791577,145.3262088,-38.0826329
community_centre,Quindanning Community Hall,9024563192,116.5688423,-33.0510044
community_centre,Senior Citizens Centre,9024564034,116.1522066,-33.3587189
community_centre,Donnybrook Community Centre,9024721516,153.0689777,-27.0039521
community_centre,Piara Waters Pavilion,9061290340,115.9235259,-32.1245297
community_centre,Yowah Opal Mining Community Hall,9166266049,144.6348482,-27.970538
community_centre,Paroo Shire Hall,9166266067,145.0471355,-28.1608664
community_centre,Culburra Soldiers Memorial Hall,9175950195,139.9668265,-35.8140343
community_centre,Memorial Hall,9212912321,150.1865488,-26.6584143
community_centre,Eidsvoid Community Hall,9219911927,151.1225844,-25.3727422
community_centre,Jandowae Memorial Hall,9228668390,151.111881,-26.780383
community_centre,Jimbour War Memorial Hall,9254578436,151.2160928,-26.9639038
community_centre,Warialda Soldiers Memorial Hall,9287112481,150.5753471,-29.5409032
community_centre,Lower Templestowe Community Centre,9319609128,145.1113112,-37.7730936
community_centre,Bundarra School Of Arts Hall,9330555457,151.07557,-30.1711564
community_centre,Deer Vale Hall,9345091152,152.5368959,-30.3543644
community_centre,Burleigh Community Men'S Shed,9363108118,153.4297503,-28.061268
community_centre,Kangaroo Valley Community Hall,9369196650,150.6002803,-34.6849022
community_centre,Dundee Hall,9393351935,151.8582489,-29.5707422
community_centre,Country Women'S Association Port Macquarie Branch,9419775949,152.9079173,-31.4287444
community_centre,Padstow Senior Citizens Centre,9427960261,151.0301782,-33.9494645
community_centre,Connolly Communtiy Centre,9441821434,115.7503719,-31.7539346
community_centre,Northern Beaches Scout Group,9459670417,145.6965568,-16.8161771
community_centre,Myall Creek Memorial Hall,9491014257,150.716221,-29.7725964
community_centre,Memorial Hall,9497145438,151.1280517,-31.4597755
community_centre,Hanging Rock Public Hall,9497220014,151.19024,-31.481871
community_centre,Saint Teresa Hall,9503852629,115.8117175,-32.0822126
community_centre,Murrurundi Men'S Shed,9506358875,150.8369727,-31.7628413
community_centre,Bunnan Memorial Hall,9507664463,150.5868699,-32.0364414
community_centre,Black Spark Cultural Centre,9512576661,144.9915662,-37.7650114
community_centre,Boyup Brook Community Resource Centre,9513204912,116.3896671,-33.833178
community_centre,Lyndoch Institute,9518134388,138.8910662,-34.6012031
community_centre,Gumble Hall,9518366931,148.6465523,-33.0735788
community_centre,Gooloogong War Memorial Hall,9518927531,148.4333093,-33.6134277
community_centre,Warroo Hall,9523322549,147.5897944,-33.334269
community_centre,Corrimal Community Centre,9536278838,150.8982548,-34.3755132
community_centre,Beacon Community Resource Centre,9536761649,117.8652804,-30.4496685
community_centre,City Of Stirling Men'S Shed,9553536860,115.8242663,-31.8653174
community_centre,Mullalely Memorial Hall,9557145664,149.9122642,-31.0973604
community_centre,Curlewis Community Hall,9561484953,150.2669648,-31.1171039
community_centre,Wandsworth Hall,9574227551,151.5180311,-30.0649449
community_centre,Emmaville War Memorial Hall,9574764525,151.5978825,-29.4444307
community_centre,Tent Hill Public Hall,9579525055,151.6472863,-29.4289179
community_centre,Elsmore Memorial Hall,9587038125,151.2748149,-29.8027018
community_centre,Delungra Community Hall,9587594160,150.8283672,-29.6543499
community_centre,St.Jude'S Disability Services,9596736726,116.0257826,-31.9007337
community_centre,Nymagee Community Hall,9601774399,146.3148337,-32.0651459
community_centre,Mount Hope Community Hall,9602198066,145.87887,-32.8382604
community_centre,Willanthry Hall,9604345487,145.8379552,-33.3493939
community_centre,Towards Independence Sobering Up Centre,9607811117,138.5951079,-34.9339706
community_centre,Wee Waa Men'S Shed,9619584833,149.4503386,-30.2158502
community_centre,Tirkandi Inaburra Cultural And Development Centre,9632303935,145.9447627,-34.7196912
community_centre,Wanneroo Youth Centre,9642396383,115.8061965,-31.7579127
community_centre,Moulamein Community Centre,9643006612,144.0345275,-35.0909566
community_centre,Goodnight Community Hall,9647283461,143.3399099,-34.946093
community_centre,Kyalite Community Hall,9647777460,143.4775055,-34.9510733
